t,x,y,theta,phiR,phiF,thetapsr_j,Psx,Psy,d,Cs,Cs1,Cs2,Cs3,d_ave,x_d1,x_d2,x_d3,nu1,nu2,nu3torque_fl,torque_fr,torque_rl,torque_rr,lamda1,lambda2,lambda3,lambda4,Q_phiR, Q_varphiR, Q_phiF, Q_varphiF
0.02,-6.527,0.446323,-1.57003,2.23627,-2.62386,-2.26276,54574,-1.22085,-5.94587,8.30954,0.359833,-0.0618333,-0.150021,0,8.30148,-0.00334647,-0.000151722,-3.02744e-07,3.74099,3220.28,-3778.44,64.2652,64.2647,64.2663,64.2658,527.468,106.474,-823.033,-823.018,325.796,128.532,-382.265,128.53
0.03,-6.52831,0.447893,-1.57269,7.80383,-3.64054,-2.26276,54574,-1.22085,-5.94587,8.30954,0.359833,-0.0618333,-0.150021,0,8.30417,-0.00367637,-0.0013336,0.000635357,-2.34425,8017.46,-1476.44,-40.2776,-40.2773,-40.2765,-40.2762,517.554,104.244,515.806,515.821,811.127,-80.5527,-149.371,-80.5549
0.04,-6.52669,0.446064,-1.56953,2.07826,-2.156,-2.26285,54574,-1.22085,-5.94587,8.30944,0.359833,-0.0618333,-0.150021,0,8.30549,0.00854695,-0.00762627,-0.0494373,9.52192,-5704.42,16217,165.291,166.007,165.215,165.998,1099.09,109.31,-2121.4,-2122.25,-577.116,331.213,1640.67,331.298
0.05,-6.52484,0.444498,-1.56686,1.11465,-0.834767,-2.26329,54574,-1.22085,-5.94587,8.30916,0.359833,-0.0618333,-0.150021,0,8.30622,0.0241138,-0.0505907,0.171793,44.3369,-12659,10927,654.172,665.991,834.637,858.249,-1055.57,-1618.22,-10862.6,-8462.12,-1280.71,1692.89,1105.48,1320.16
0.06,-6.52538,0.442516,-1.57018,1.00643,-0.853672,-2.26399,54571,-1.22132,-5.94625,8.30795,0.35987,-0.0617428,-0.150091,0,8.30651,0.0340449,-0.201053,-0.0487762,-22.1364,9612.75,-13423.2,-302.245,-307.362,-399.843,-410.078,2135.59,1402.84,5192.73,3913,972.522,-809.921,-1358.03,-609.607
0.07,-6.52699,0.442231,-1.57342,2.42143,-4.40868,-2.26518,54579,-1.22008,-5.94522,8.30607,0.35977,-0.0619841,-0.149905,0,8.30645,0.00735053,-0.21104,0.0177961,-12.337,32332.2,-111067,-236.031,-233.067,-217.777,-215.591,1236.99,1385.94,2776.25,2996.77,3271.04,-433.367,-11236.7,-469.099
0.08,-6.5264,0.440157,-1.57265,3.05934,-7.12006,-2.26534,54578,-1.22023,-5.94535,8.30423,0.359783,-0.061954,-0.149928,0,8.30617,0.0850537,-0.202234,0.177827,2.53792,-356.821,46944.5,48.1414,46.6594,46.7552,45.8644,14.421,-139.969,-593.792,-603.35,-36.0995,92.6196,4749.38,94.8009
0.09,-6.52553,0.438502,-1.57061,1.95586,-1.97858,-2.265,54580,-1.21992,-5.9451,8.3033,0.359758,-0.0620143,-0.149881,0,8.30585,-0.0385801,-0.0993695,-0.165553,21.326,-21258.8,39314.1,356.079,358.395,369.632,372.396,369.696,-819.546,-4752.68,-4578.85,-2150.75,742.028,3977.41,714.475
0.1,-6.52361,0.434698,-1.56655,0.825361,-0.539255,-2.26459,54583,-1.21946,-5.94471,8.30297,0.359721,-0.0621047,-0.149811,0,8.30556,-0.0667013,-0.106648,-0.6892,86.56,-8238.83,4074.36,1120.32,1144.65,1666.95,1730.95,-6202.81,-2969.72,-21814,-14511.6,-833.522,3397.9,412.203,2264.97
0.11,-6.5238,0.430969,-1.56836,0.689785,-0.491326,-2.26521,54586,-1.219,-5.94432,8.30167,0.359683,-0.0621951,-0.14974,0,8.30521,0.0544987,-0.254895,0.17823,-63.8991,4867.28,-11369.3,-877.788,-894.805,-1118.97,-1154.4,5622.5,1463.47,14567.4,11370.7,492.422,-2273.37,-1150.23,-1772.59
0.12,-6.52609,0.432265,-1.5749,1.4845,-3.95827,-2.26681,54593,-1.21791,-5.94342,8.29901,0.359595,-0.0624059,-0.149576,0,8.30469,0.0794097,-0.254405,-0.247716,-26.0816,26113.1,-137373,-439.14,-435.374,-441.117,-437.888,968.103,86.8727,5626.29,5584.43,2641.87,-879.005,-13898.1,-874.513
0.13,-6.52457,0.430641,-1.57328,2.02068,-10.6394,-2.26647,54590,-1.21838,-5.94381,8.29652,0.359633,-0.0623156,-0.149646,0,8.30406,0.0975039,-0.147615,0.160488,5.83678,-2506.74,54607.8,82.2584,78.9004,101.965,99.6735,672.584,385.51,-1291.3,-1025.59,-253.607,201.639,5524.67,161.159
0.14,-6.52198,0.428454,-1.56861,1.18026,-2.12136,-2.26615,54590,-1.21838,-5.94381,8.295,0.359633,-0.0623156,-0.149646,0,8.30342,0.104449,-0.136856,0.923087,44.0359,-15048.6,55412.6,700.811,703.802,693.909,697.147,641.128,1468.16,-8891.21,-8985.37,-1522.47,1391.06,5606.09,1404.61
0.15,-6.52033,0.424573,-1.57039,0.819584,-0.944472,-2.26611,54591,-1.21822,-5.94368,8.29283,0.35962,-0.0623457,-0.149623,0,8.30271,0.117114,-0.268374,-0.0424722,1.9966,1023.94,-4813.97,31.64,32.0558,27.2077,27.6927,558.602,225.327,-349.728,-403.604,103.592,54.9003,-487.029,63.6958
0.16,-6.52151,0.424343,-1.57241,1.17394,-3.19577,-2.26548,54593,-1.21791,-5.94342,8.29082,0.359595,-0.0624059,-0.149576,0,8.30197,0.0838235,-0.188171,0.332093,-23.1762,14596.5,-86642,-365.749,-363.661,-374.029,-372.112,-105.242,-1005.96,4771.13,4656.95,1476.73,-746.141,-8765.57,-729.41
0.17,-6.52139,0.423327,-1.5708,1.65834,-6.93709,-2.26435,54595,-1.2176,-5.94317,8.28917,0.35957,-0.0624661,-0.149528,0,8.30121,0.0211733,-0.200924,0.105664,-0.654013,4930.52,5362.65,-11.2526,-10.9655,-9.53506,-9.37395,1.4604,95.577,120.608,143.98,498.821,-18.909,542.539,-22.2181
0.18,-6.52082,0.421272,-1.56683,1.20678,-2.16309,-2.26391,54603,-1.21637,-5.94213,8.28832,0.359469,-0.0627067,-0.149338,0,8.3005,-0.121591,-0.127241,0.30297,36.7322,-12838.1,45795.4,585.093,587.581,575.722,578.397,1760.51,1738.75,-7375.89,-7499.7,-1298.83,1154.12,4633.12,1172.67
0.19,-6.32126,0.258294,-1.22692,0.823017,0.0633635,-2.26405,54606,-1.2159,-5.94175,8.28808,0.359431,-0.0627968,-0.149267,0,8.29984,-0.362491,0.174749,-9.04396,239972,48694.3,104566,3.09489e+06,3.16662e+06,4.00164e+06,4.17452e+06,-2.41529e+07,741508,-5.23455e+07,-4.00974e+07,4926.4,8.17616e+06,10578.9,6.26151e+06
0.2,-6.52764,0.4254,-1.57719,1.48826,0.957433,-2.26493,54608,-1.21559,-5.94149,8.28682,0.359406,-0.0628569,-0.149219,0,8.29919,0.0865292,-0.189028,-0.190118,2.96251,2839.56,5577.17,11.749,12.0939,25.8729,27.7132,837.736,-122.754,-336.736,-132.039,287.278,53.586,564.242,23.8429
0.21,-6.52538,0.422814,-1.57259,1.59843,1.84393,-2.26513,54608,-1.21559,-5.94149,8.28405,0.359406,-0.0628569,-0.149219,0,8.29847,0.241464,-0.182723,0.0288019,12.4696,5638.15,9490.89,8.76891,8.98673,61.1354,64.1532,4358.37,-1505.42,-762.06,-41.2807,570.412,125.289,960.193,17.7556
0.22,-6.52103,0.420187,-1.57017,2.91463,0.891512,-2.26572,54600,-1.21683,-5.94252,8.28162,0.359507,-0.0626165,-0.14941,0,8.29771,0.301861,-0.00382479,0.387095,9.68718,19826,-99559.3,-568.601,-582.626,-277.63,-291.145,34854,-30730.2,3761.62,7572.53,2005.79,-568.775,-10072.4,-1151.23
0.23,-6.51763,0.419847,-1.57253,5.13223,181.891,-2.2672,54599,-1.21699,-5.94265,8.28028,0.35952,-0.0625864,-0.149433,0,8.29695,0.25913,0.0261186,0.00239765,-0.591587,15262.2,-1.64711e+07,-64399.9,-61217,304640,-92737,3.90849e+07,-3.90146e+07,-1.38499e+06,821023,1544.08,211903,-1.66638e+06,-125617
0.24,-6.51583,0.42061,-2.18057,2.81845,-1679.28,-2.26658,54590,-1.21838,-5.94381,8.27935,0.359633,-0.0623156,-0.149646,0,8.29622,0.165715,0.0592593,-0.000938768,-39.4639,-82937.4,1.91693e+08,589175,619367,1.29652e+07,-1.37466e+07,-1.30861e+08,1.29409e+08,5.10662e+06,-7.89915e+06,-8390.78,-781340,1.93935e+07,1.20854e+06
0.25,-6.51404,0.421215,-3.40876,3.89787,-1143.95,-2.26706,54590,-1.21838,-5.94381,8.27873,0.359633,-0.0623156,-0.149646,0,8.29552,0.215883,0.0536415,-0.00524159,-27.0706,-26197.9,7.36556e+07,362270,380833,5.58773e+06,-5.9525e+06,-1.91065e+07,1.43909e+07,2.38402e+06,-4.85702e+06,-2650.45,-364774,7.45174e+06,743104
0.26,-6.5114,0.422189,-1.57839,3.87839,-0.550074,-2.26712,54580,-1.21992,-5.9451,8.27726,0.359758,-0.0620143,-0.149881,0,8.29481,0.309203,0.0190082,-0.201648,-16.2433,-13983.9,77153.2,359.028,374.625,-169.386,-225.496,-16977.8,12275.5,2506.91,-4836.54,-1414.75,-394.882,7805.59,733.653
0.27,-6.51071,0.425813,-1.57016,1.62087,2.73953,-2.26926,54575,-1.2207,-5.94574,8.27659,0.35982,-0.0618635,-0.149998,0,8.29414,0.206981,0.135281,2.41263,-93.7294,-21313.5,24186.4,-607.634,-613.084,-617.8,-624.553,-11926.8,2022.82,7692.86,7557.2,-2156.29,-1242.35,2446.94,-1220.72
0.28,-6.50736,0.417381,-1.58364,0.954055,9.77579,-2.2715,54579,-1.22008,-5.94522,8.2759,0.35977,-0.0619841,-0.149905,0,8.29349,-0.0862566,-0.000517904,-0.490478,-88.989,34724.6,-138138,-29.136,-27.332,870.285,690.815,-50276.3,6266.03,-10608.8,171.939,3513.09,1561.1,-13975.4,-56.4679
0.29,-6.50863,0.424203,-2.28742,3.77432,7.42353,-2.27065,54580,-1.21992,-5.9451,8.27686,0.359758,-0.0620143,-0.149881,0,8.29291,-0.0892614,0.0707439,-424.815,-5.37826,45414.2,10904.2,66.0687,62.8272,54338.3,-33624.3,-147037,-52100.6,-135410,-826.752,4594.55,20714,1103.18,128.896
0.3,-6.51047,0.421615,-1.57841,4.66718,7.10567,-2.26939,54577,-1.22039,-5.94548,8.27808,0.359795,-0.0619238,-0.149951,0,8.29242,-0.109217,0.0436752,0.076907,1.7521,9495.48,-2717.81,-31.4115,-29.5409,-143.759,-109.597,2780.1,1270.64,1663.91,398.527,960.658,-253.356,-274.961,-60.9524
0.31,-6.5095,0.421638,-1.5801,4.38538,7.22095,-2.27074,54576,-1.22054,-5.94561,8.27832,0.359808,-0.0618936,-0.149975,0,8.29196,0.0382126,0.0465916,-0.237854,6.59553,-12601.3,21090.3,-83.5049,-78.1975,-235.58,-190.847,5890.25,1731.46,2817.16,1043.7,-1274.87,-426.427,2133.7,-161.702
0.32,-6.50678,0.425103,-2.98371,2.47292,9.54877,-2.27216,54575,-1.2207,-5.94574,8.27823,0.35982,-0.0618635,-0.149998,0,8.29154,0.03552,0.00428593,-841.346,21.2837,-31510.3,70876.6,-47.9489,-44.6271,-112.99,-95.7806,11506.2,241.368,1461.5,629.628,-3187.9,-208.77,7170.59,-92.576
0.33,-6.50781,0.420223,-1.54602,1.61579,9.43685,-2.27292,54575,-1.2207,-5.94574,8.2781,0.35982,-0.0618635,-0.149998,0,8.29113,0.0228172,-0.00192888,22.346,1.51936,4949.84,-33966.2,-1.64432,-1.54272,-17.5498,-13.9062,901.179,-56.9018,212.518,22.5902,500.775,-31.456,-3436.36,-3.18704
0.34,-6.50903,0.420663,-1.58298,2.45231,7.50591,-2.27323,54575,-1.2207,-5.94574,8.27789,0.35982,-0.0618635,-0.149998,0,8.29074,0.00580284,-0.0431207,-0.0747557,-6.53267,24224.7,9193.57,23.928,25.1502,72031.3,-98878.7,172745,8315.46,175444,-324.89,2450.81,-26847.5,930.113,49.0782
0.35,-6.50831,0.420057,-1.58315,2.98747,8.03671,-2.27409,54580,-1.21992,-5.9451,8.27713,0.359758,-0.0620143,-0.149881,0,8.29035,0.0917225,-0.0924194,-0.0399103,4.19084,-1311.85,31559.7,-28.8631,-27.2035,-326.856,-236.265,5697.75,340.306,3699.63,380.059,-132.719,-563.122,3192.89,-56.0666
0.36,-6.50641,0.419318,-1.55613,1.75608,10.0074,-2.27468,54575,-1.2207,-5.94574,8.2766,0.35982,-0.0618635,-0.149998,0,8.28997,-0.0021797,0.0113755,17.1406,30.0182,-23690.1,20591.6,-29.8462,-27.8917,-222.399,-183.582,16567.4,-690.692,2790.25,428.049,-2396.72,-405.981,2083.25,-57.7378
0.37,-6.50434,0.416307,-1.58444,0.773902,5.96196,-2.27389,54576,-1.22054,-5.94561,8.27736,0.359808,-0.0618936,-0.149975,0,8.28963,-0.142359,0.0609007,2.98887,98.9448,-5487.52,-66225.1,-110.922,-105.502,-6.04704e+06,5.2976e+06,5.58318e+06,-2.59626e+06,4.89872e+06,1632.33,-555.173,-749435,-6700,-216.424
0.38,-6.50612,0.415133,-1.58787,0.676993,5.36971,-2.27187,54578,-1.22023,-5.94535,8.27921,0.359783,-0.061954,-0.149928,0,8.28935,-0.208863,0.123497,0.349292,-45.2672,2305.37,18178.7,34.5048,32.8206,1.43803e+07,-1.36103e+07,-5.84748e+06,2.94277e+06,-5.03263e+06,-537.145,233.234,769961,1839.13,67.3254
0.39,-6.51128,0.42058,-1.58133,1.28441,8.90084,-2.27075,54579,-1.22008,-5.94522,8.28038,0.35977,-0.0619841,-0.149905,0,8.28912,-0.00108779,0.0856514,-0.137497,-31.3475,25689.7,55807.6,71.2574,67.0634,872.651,655.032,-24842.3,3190.21,-10127.7,-954.305,2599.03,1527.68,5646.05,138.321
0.4,-6.51069,0.42137,-1.58444,2.33392,8.71897,-2.27396,54582,-1.21962,-5.94484,8.27986,0.359733,-0.0620746,-0.149834,0,8.28889,0.0394854,-0.0759729,-0.768383,-1.26172,10987.7,-9768.57,-0.86655,-0.814559,48.4172,37.242,-1192.38,102.768,-565.613,0.618367,1111.62,85.6592,-988.287,-1.68111
0.41,-6.5109,0.419947,-1.58576,2.3901,7.54997,-2.27649,54585,-1.21915,-5.94445,8.27903,0.359696,-0.062165,-0.149764,0,8.28865,-0.0666634,-0.13636,-0.177591,5.13468,-2927.39,10169.7,-15.9286,-16.7411,-31788.2,48305.5,-105697,-1709.6,-107933,220.516,-296.164,16517.4,1028.87,-32.6697
0.42,-6.51032,0.417789,-1.58753,1.4427,9.50782,-2.27796,54584,-1.21931,-5.94458,8.27839,0.359708,-0.0621349,-0.149787,0,8.28841,-0.0849174,-0.101075,-0.0952294,32.1966,-17028.3,86786.9,0.0955969,0.0897835,-475.466,-371.1,19972.4,-2451.15,5679.82,81.5232,-1722.75,-846.566,8780.24,0.18538
0.43,-6.51076,0.416405,-1.58947,0.923665,12.066,-2.27841,54586,-1.219,-5.94432,8.27893,0.359683,-0.0621951,-0.14974,0,8.28819,-0.105004,0.0671968,0.0619333,7.76953,985.531,-57120.6,11.1353,10.3856,-24.3141,-20.3591,3688.51,-384.372,327.385,-114.674,99.7062,-44.6731,-5778.89,21.5209
0.44,-6.5137,0.418743,-1.58741,1.37751,7.42735,-2.27797,54587,-1.21884,-5.94419,8.28041,0.359671,-0.0622252,-0.149717,0,8.28801,-0.125019,0.0898886,0.239255,-16.5696,18032.8,-2800.94,73.197,76.9449,1.33659e+06,-1.50645e+06,1.12949e+06,-245228,1.11015e+06,-974.946,1824.38,-169864,-283.371,150.142
0.45,-6.51513,0.42054,-1.58648,2.22298,8.4823,-2.27724,54588,-1.21869,-5.94407,8.28172,0.359658,-0.0622554,-0.149693,0,8.28787,-0.0797678,0.177681,-0.285515,1.89679,10227.2,35452.8,40.0959,37.8021,359.948,257.687,-3325.81,152.33,-4028.19,-521.057,1034.69,617.636,3586.76,77.898
0.46,-6.51386,0.421227,-1.58699,1.71522,19.6752,-2.27828,54586,-1.219,-5.94432,8.28272,0.359683,-0.0621951,-0.14974,0,8.28776,0.0566704,0.0732956,-0.316923,25.4596,-17485,646740,59.8674,52.7986,274.532,252.623,8379.62,1710.14,-3329.44,-685.203,-1768.95,527.155,65430.7,112.666
0.47,-6.50814,0.417525,-1.5899,0.786027,-3.85839,-2.27987,54585,-1.21915,-5.94445,8.28258,0.359696,-0.062165,-0.149764,0,8.28765,0.0205104,-0.00411872,-0.22956,301.307,-10780.3,242347,2862.79,1769.32,3782.52,3615.28,50202.2,30486.2,-46978.7,-29034.3,-1090.65,7397.8,24518.2,4632.11
0.48,-6.43131,0.310167,-1.71263,0.871366,0.476475,-2.2802,54586,-1.219,-5.94432,8.28167,0.359683,-0.0621951,-0.14974,0,8.28752,0.000487019,-0.117648,-6.02527,-5208.76,-6491.33,-28308.2,-27046.7,-24171.1,-34518.1,-31540.9,-1.36611e+06,-85468,408023,314048,-656.728,-66059,-2863.94,-51217.8
0.49,-6.51302,0.41478,-1.59193,0.711935,6.01395,-2.27839,54594,-1.21776,-5.94329,8.28089,0.359583,-0.062436,-0.149552,0,8.28739,-0.00739708,-0.151126,-0.324037,-117.65,11812.9,16414.5,126.146,132.478,6913.79,-80961.9,491454,-234291,483438,-1936.43,1195.11,-74048.1,1660.65,258.624
0.5,-6.51655,0.418037,-1.58297,2.15594,8.08416,-2.27482,54593,-1.21791,-5.94342,8.28073,0.359595,-0.0624059,-0.149576,0,8.28725,-0.0438149,-0.106392,0.24195,-16.3715,36958.6,24819.4,10.1758,9.62611,732.464,438.238,-15014.7,738.737,-7726.25,-147.196,3739.1,1170.7,2510.98,19.8019
0.51,-6.51449,0.418201,-1.58418,3.45883,7.86638,-2.27585,54595,-1.2176,-5.94317,8.27935,0.35957,-0.0624661,-0.149528,0,8.2871,0.176013,-0.123062,-0.309768,0.726809,10291.1,2096.71,-6.4733,-6.09484,-4.61578,-3.43095,325.736,80.7775,55.9048,75.9798,1041.15,-8.04673,212.125,-12.5681
0.52,-6.51365,0.416462,-1.58484,3.02263,7.50255,-2.27696,54596,-1.21745,-5.94304,8.27782,0.359558,-0.0624962,-0.149505,0,8.28692,-0.0183328,-0.140947,-0.0215677,6.51693,-10514.2,1784.17,1.28509,1.3497,-334.298,2705,-12639.3,-2595.98,-15465.1,-17.6957,-1063.72,2370.7,180.504,2.63479
0.53,-6.51256,0.414195,-1.58711,1.57358,7.44588,-2.27712,54599,-1.21699,-5.94265,8.27694,0.35952,-0.0625864,-0.149433,0,8.28673,-0.0387361,-0.122168,-0.688967,33.9646,-22464.9,-2237.1,-68.7527,-65.3981,-8.87234e+07,8.68942e+07,1.22042e+07,-2.37745e+06,1.19559e+07,927.082,-2272.77,-1.82922e+06,-226.327,-134.151
0.54,-6.51234,0.411612,-1.58603,1.0074,6.91444,-2.2762,54601,-1.21668,-5.94239,8.27598,0.359495,-0.0626466,-0.149386,0,8.28653,-0.0233775,-0.0544302,0.130195,6.86009,784.526,7908.48,-13.2211,-12.576,-2.91834e+07,2.87198e+07,3.22979e+06,-1.11046e+06,3.02988e+06,179.489,79.3705,-463567,800.1,-25.7971
0.55,-6.51395,0.413412,-1.58332,1.49447,8.19734,-2.27497,54601,-1.21668,-5.94239,8.27639,0.359495,-0.0626466,-0.149386,0,8.28635,0.0123914,0.0936153,0.117209,-14.1013,18826.6,32756.1,67.0876,63.4696,1325.01,785.836,-20664.2,3066.66,-13860.6,-866.735,1904.69,2110.85,3313.94,130.557
0.56,-6.51371,0.414844,-1.58238,2.21037,7.83827,-2.27458,54599,-1.21699,-5.94265,8.27677,0.35952,-0.0625864,-0.149433,0,8.28618,0.0475686,0.0572793,0.154344,1.23663,8740.9,-7946.26,-7.30741,-6.93422,-606.415,-179.03,5693.29,-231.826,5139.26,100.748,884.316,-785.444,-803.923,-14.2416
0.57,-6.5139,0.4143,-1.57867,1.56655,7.30256,-2.27034,54597,-1.2173,-5.94291,8.27774,0.359545,-0.0625263,-0.149481,0,8.28603,-0.0141777,-0.00462171,0.398795,34.1225,-21325,-6070.56,-128.924,-135.515,-639630,819025,-1.17831e+06,221531,-1.17236e+06,1751.82,-2157.45,179396,-614.159,-264.439
0.58,-6.42444,0.345382,-1.6483,0.919277,6.17726,-2.26745,54598,-1.21714,-5.94278,8.27811,0.359532,-0.0625563,-0.149457,0,8.28589,-0.116085,-1.62773,-4.90992,51102.3,65364.4,1.26648e+06,100435,94605.6,-944633,-694179,3.46516e+07,-1.34916e+07,1.09441e+07,-1.10362e+06,6612.92,-1.63881e+06,128130,195041
0.59,-6.52506,0.422327,-1.56989,1.15673,3.02788,-2.26344,54607,-1.21575,-5.94162,8.27978,0.359419,-0.0628269,-0.149243,0,8.28579,-0.282385,0.0470478,-0.220276,29.3254,2660.85,-13910,140.316,132.15,134.676,131.054,8221.37,-471.71,-1603.17,-1658.78,269.198,265.73,-1407.28,272.466
0.6,-6.52416,0.418608,-1.55761,2.14843,2.2312,-2.2594,54611,-1.21513,-5.9411,8.28105,0.359368,-0.062947,-0.149147,0,8.28571,-0.119207,0.0273081,7.49669,30.8981,17931.1,-11351.3,288.163,295.037,235.67,246.42,2156.18,2951.29,-3010.12,-3668.22,1814.09,482.09,-1148.41,583.2
0.61,-6.52276,0.417603,-1.54403,4.45821,1.20417,-2.25714,54607,-1.21575,-5.94162,8.28144,0.359419,-0.0628269,-0.149243,0,8.28564,0.000561417,0.0599606,-0.254564,7.56366,30454.5,110613,23.2452,24.3355,52.2187,91.7813,1220.15,-475.716,-906.711,-282.872,3081.08,144,11190.7,47.5807
0.62,-6.52101,0.418211,-1.29808,4.81901,-261.136,-2.25888,54604,-1.21621,-5.94201,8.28091,0.359457,-0.0627367,-0.149315,0,8.28556,0.212777,0.0632912,-0.251854,-8.76936,-6767.52,-2.54186e+06,-829.081,-788.409,-5503.07,3439.49,74895,-7422.77,13447.5,10514.2,-684.67,-2063.58,-257160,-1617.49
0.63,-6.51872,0.419061,-3.82046,12.3567,48200.2,-2.26225,54598,-1.21714,-5.94278,8.28001,0.359532,-0.0625563,-0.149457,0,8.28548,0.208294,0.105261,-0.298926,148.647,-1.60849e+06,-2.06911e+10,-83311.2,-87582.7,2.92611e+08,-2.96863e+08,1.38096e+08,-748878,2.77963e+07,1.11696e+06,-162730,-4.25273e+06,-2.09332e+09,-170894
0.64,-6.51704,0.42187,-1.57894,3.90709,13.9273,-2.26416,54596,-1.21745,-5.94304,8.2802,0.359558,-0.0624962,-0.149505,0,8.28539,0.187691,0.251053,-0.196687,-14.3173,-14174.8,-404775,250.908,262.105,-588.678,-833.099,37342.6,3566.82,9227.42,-3353.61,-1434.07,-1421.78,-40951.1,513.014
0.65,-6.51633,0.42729,-1.58762,1.65016,-0.0679133,-2.26388,54588,-1.21869,-5.94407,8.28111,0.359658,-0.0622554,-0.149693,0,8.28533,0.149341,0.267728,-6.2765,-78.6849,-18291.3,-41447.6,370.54,383.65,-1149.62,-1288.73,37563,5116.85,15578.4,-4933.32,-1850.53,-2438.36,-4193.25,754.191
0.66,-6.51097,0.418058,-1.55898,0.581121,-0.383538,-2.26237,54583,-1.21946,-5.94471,8.28293,0.359721,-0.0621047,-0.149811,0,8.28529,0.0404543,0.321547,0.63529,-317.087,15797.8,38743.8,1361.54,1410.15,-1207.05,-1357.77,147944,18196.1,15318.6,-18126.2,1598.26,-2564.81,3919.71,2771.69
0.67,-6.51114,0.427477,-1.57246,2.93786,1.49559,-2.26512,54574,-1.22085,-5.94587,8.28353,0.359833,-0.0618333,-0.150021,0,8.28527,0.213599,0.280943,-1.39246,-8.65815,50403.8,9391.25,-355.222,-372.633,-3834.6,-13382.5,-112101,20449.5,112491,4697.27,5099.36,-17217.1,950.112,-727.854
0.68,-6.50396,0.430318,-1.58508,4.58698,2.87966,-2.27523,54558,-1.22333,-5.94792,8.28134,0.360031,-0.06135,-0.150392,0,8.28521,0.789918,0.183988,-1.53223,9.03068,13930.1,31634.8,-388.318,-405.129,-2456.66,-3249.18,-55092.2,30192.7,37334.2,5106.87,1409.3,-5705.84,3200.49,-793.447
0.69,-6.49513,0.431329,-1.59766,4.69324,4.83442,-2.28521,54540,-1.22612,-5.95023,8.27693,0.360252,-0.060805,-0.150804,0,8.28509,0.927177,0.110423,-1.75613,10.914,4279.82,5646.64,82.6859,84.3168,66.7211,68.8945,-821.902,949.142,-836.645,-1080,432.989,135.616,571.271,167.003
0.7,-6.48536,0.432211,-1.6033,4.24407,2.37492,-2.29071,54520,-1.22922,-5.95278,8.27189,0.360495,-0.0601981,-0.151254,0,8.2849,0.934373,0.142062,-0.708786,11.6384,-7694.51,-60365.5,212.807,212.775,213.21,213.177,5550.41,2130.99,-2733.81,-2728.4,-778.454,426.387,-6107.18,425.582
0.71,-6.47626,0.432697,-1.60994,2.79969,-3.5881,-2.2953,54497,-1.23279,-5.95572,8.26737,0.360772,-0.0594981,-0.151764,0,8.28465,0.758746,0.0832662,-0.710789,17.3997,-25443.9,-77934.7,249.907,246.966,293.47,290.674,4620.35,2656.34,-3738.65,-3167.34,-2574.16,584.144,-7884.65,496.873
0.72,-6.47052,0.432495,-1.61347,1.87114,-5.9794,-2.29835,54484,-1.23481,-5.95737,8.26381,0.360926,-0.0591017,-0.152048,0,8.28436,0.448222,0.015328,-0.249925,4.38397,1963.3,-20370.5,58.0802,56.7438,70.5843,69.472,673.26,438.218,-895.424,-731.489,198.628,140.056,-2060.89,114.824
0.73,-6.46834,0.434199,-1.61306,2.50644,-5.87501,-2.29827,54480,-1.23543,-5.95788,8.26236,0.360974,-0.0589795,-0.152134,0,8.28406,0.170005,0.144734,0.0256032,-3.6448,23344.6,14676.3,-30.5406,-29.8532,-60.6003,-59.6597,-1679.83,-1178.67,769.404,379.25,2361.77,-120.26,1484.8,-60.3938
0.74,-6.46872,0.435899,-1.60889,3.07387,-1.66567,-2.29519,54478,-1.23574,-5.95813,8.26367,0.360997,-0.0589185,-0.152178,0,8.28379,-0.00823026,0.101672,0.0779724,4.08874,5286.53,42463.1,74.1384,73.9648,74.5911,74.4242,1208.62,93.9516,-955.325,-950.256,534.838,149.015,4295.99,148.103
0.75,-6.4681,0.436474,-1.60705,2.39011,-0.758714,-2.29345,54472,-1.23667,-5.9589,8.26449,0.361068,-0.0587351,-0.152307,0,8.28353,-0.0153628,0.0898134,-0.0649483,14.959,-15977.4,-2675.72,281.123,284.696,300.684,305.808,2419.52,-184.729,-3895.84,-3629.86,-1616.44,606.492,-270.703,565.819
0.76,-6.46555,0.435169,-1.60401,1.00876,-0.624062,-2.29409,54476,-1.23605,-5.95839,8.26505,0.361021,-0.0588574,-0.152221,0,8.28329,-0.0180478,0.0400282,0.366653,96.9581,-17787.4,3620.52,1469.35,1496.11,1729.36,1778.89,-2089.58,-552.549,-22487.9,-19001.5,-1799.55,3508.24,366.288,2965.47
0.77,-6.4622,0.430478,-1.60415,0.694793,-0.402983,-2.29508,54473,-1.23652,-5.95877,8.26371,0.361056,-0.0587657,-0.152285,0,8.28303,0.254222,-0.134572,-0.17769,-51.6202,2545.2,-2571.88,-710.73,-724.997,-875.302,-904.657,3778.18,411.417,11398.5,9192.29,257.498,-1779.96,-260.197,-1435.73
0.78,-6.46659,0.433184,-1.61002,1.29083,-1.65487,-2.29559,54471,-1.23683,-5.95902,8.26188,0.36108,-0.0587045,-0.152328,0,8.28276,-0.0607907,-0.189881,0.610061,-40.9827,29855.1,-47039.2,-652.521,-657.539,-672.874,-678.989,993.671,727.439,8648.96,8388.95,3020.44,-1351.86,-4758.96,-1310.06
0.79,-6.46738,0.433302,-1.61109,2.65352,-4.36668,-2.29587,54474,-1.23636,-5.95864,8.26119,0.361045,-0.0587962,-0.152264,0,8.28249,-0.0590078,-0.0944748,-0.0378481,-1.33205,12330.8,-10758.9,-26.338,-25.9364,-23.5025,-23.2279,130.465,188.486,299.358,334.806,1247.5,-46.7304,-1088.48,-52.2744
0.8,-6.46702,0.432782,-1.60931,2.34407,-2.15763,-2.29588,54480,-1.23543,-5.95788,8.26101,0.360974,-0.0589795,-0.152134,0,8.28222,-0.0357694,0.010777,-0.081751,11.9251,-11557.5,31334.6,206.044,206.46,205.075,205.506,1665.06,352.034,-2629.2,-2641.67,-1169.28,410.581,3170.12,412.503
0.81,-6.46579,0.430894,-1.60416,1.13677,-0.57544,-2.29543,54482,-1.23512,-5.95762,8.26118,0.36095,-0.0590406,-0.152091,0,8.28196,-0.0745157,-0.0786411,0.343831,60.8768,-17250,14726.9,802.847,819.615,1198.84,1241.85,-3965.44,-2893.77,-15674.8,-10399.3,-1745.18,2440.69,1489.92,1622.46
0.82,-6.46611,0.427916,-1.60588,0.812543,-0.353099,-2.29517,54480,-1.23543,-5.95788,8.26068,0.360974,-0.0589795,-0.152134,0,8.2817,0.00540699,-0.0759889,-0.926999,-14.1323,3311.57,-1848.02,-138.616,-142.017,-281.592,-295.161,2019.26,733.927,3705.23,1797.5,335.031,-576.753,-186.965,-280.633
0.83,-6.46865,0.429854,-1.61001,1.39908,-0.913571,-2.29561,54486,-1.2345,-5.95712,8.2605,0.360903,-0.0591627,-0.152004,0,8.28144,-0.0809924,-0.0575582,-0.646933,-18.5697,18358.3,-23323.6,-289.508,-293.788,-337.875,-344.966,232.059,695.333,4378.4,3740.08,1857.31,-682.841,-2359.65,-583.295
0.84,-6.46882,0.429653,-1.60784,1.77771,-1.9432,-2.29486,54488,-1.23419,-5.95686,8.26026,0.360879,-0.0592237,-0.151961,0,8.28119,-0.0421365,-0.0431112,0.137699,6.92115,-1003.06,-8200.53,115.992,116.619,115.221,115.919,614.395,170.085,-1479.18,-1488.91,-101.479,231.14,-829.647,232.612
0.85,-6.4683,0.428929,-1.60387,1.10279,-1.01774,-2.29333,54485,-1.23465,-5.95724,8.26098,0.360914,-0.0591322,-0.152026,0,8.28095,-0.196832,0.0754645,0.0126326,53.6783,-13367.3,18761.4,876.2,888.738,894.688,912.625,2073.95,1510.27,-11567.9,-11299.7,-1352.37,1807.31,1898.09,1764.94
0.86,-6.45683,0.416436,-1.57143,0.705211,-0.426554,-2.29207,54492,-1.23356,-5.95635,8.26259,0.360831,-0.0593457,-0.151873,0,8.28074,-0.155609,-0.00541893,2.05202,845.791,-2465.22,2028.72,7445.84,7645,16299.8,17237.3,-147239,-24956.1,-215342,-96506.4,-249.406,33537,205.246,15090.8
0.87,-6.4579,0.409921,-1.57669,0.637502,-0.52951,-2.29223,54488,-1.23419,-5.95686,8.26214,0.360879,-0.0592237,-0.151961,0,8.28053,0.0571783,-0.164357,-0.149469,-793.143,1874.48,3817.93,-2579.03,-2656.06,-14216.5,-15271,212617,30101.8,189115,33050,189.641,-29487.6,386.26,-5235.08
0.88,-6.46926,0.425525,-1.6042,0.868604,-0.313622,-2.29354,54489,-1.23403,-5.95673,8.25996,0.360867,-0.0592542,-0.151939,0,8.28029,0.127852,-0.208001,-0.384413,-52.6901,12206,-3544.07,-428.85,-439.401,-1028.31,-1078.12,9471.7,3927.04,13527.5,5559.06,1234.88,-2106.44,-358.553,-868.251
0.89,-6.46843,0.426029,-1.60857,1.47852,-0.848891,-2.29564,54493,-1.23341,-5.95623,8.25784,0.360819,-0.0593762,-0.151851,0,8.28004,0.131904,-0.136515,-0.31194,-3.51824,6916.84,-18177.1,-35.9339,-36.4852,-60.6911,-62.0344,1374.25,580.292,786.096,471.77,699.777,-122.725,-1838.98,-72.4192
0.9,-6.46526,0.424432,-1.60717,1.16874,-0.896654,-2.29662,54491,-1.23372,-5.95648,8.25582,0.360843,-0.0593152,-0.151895,0,8.27977,0.16884,-0.0966087,-0.0466036,35.0868,-10591.2,10457.7,524.334,532.652,617.658,632.01,-1355.2,-1044.76,-8007.89,-6773.63,-1071.51,1249.67,1058,1056.99
0.91,-6.43941,0.403089,-1.56264,0.749957,-0.457997,-2.29789,54490,-1.23388,-5.95661,8.25411,0.360855,-0.0592847,-0.151917,0,8.27949,-0.0310699,0.0119803,-5.00203,4004.13,-4328.55,-3212.23,28917.7,29722.8,76621.4,81435.1,-831144,-130465,-1.0148e+06,-374537,-437.919,158057,-324.982,58640.5
0.92,-6.47147,0.431348,-1.62668,1.1629,-0.699935,-2.29829,54485,-1.23465,-5.95724,8.25257,0.360914,-0.0591322,-0.152026,0,8.2792,0.0431667,-0.130886,-0.00254125,17.9705,1836.4,507.282,-84.416,-87.2694,239.451,264.436,-8286.84,-1328.23,-3211.49,1124.81,185.789,503.887,51.3217,-171.685
0.93,-6.69773,0.455514,-1.56469,0.829547,-0.267545,-2.29815,54487,-1.23434,-5.95699,8.2509,0.360891,-0.0591932,-0.151982,0,8.27889,-0.361258,-0.129383,185.244,-145814,94325.7,242665,-72252.3,-74518.2,-2.34783e+06,-2.54536e+06,4.79307e+07,6.09447e+06,3.13172e+07,815746,9542.93,-4.89319e+06,24550.4,-146770
0.94,-6.46157,0.416106,-1.6057,0.797761,-0.190477,-2.29866,54494,-1.23325,-5.9561,8.24896,0.360807,-0.0594067,-0.15183,0,8.27857,0.0653609,-0.271946,-0.120666,-37.293,5796.57,4974.3,-73.2688,-75.4337,-620.57,-665.397,10316.3,2274.09,8235.08,919.646,586.439,-1285.97,503.25,-148.702
0.95,-6.45878,0.414368,-1.60485,0.780752,-0.252576,-2.30042,54495,-1.2331,-5.95597,8.2475,0.360795,-0.0594372,-0.151808,0,8.27825,0.0599132,-0.0690814,-0.221431,105.682,-5630.03,-7397.68,465.393,478.888,1977.43,2113.93,-24123.6,-4596.77,-26259.4,-5982.92,-569.59,4091.36,-748.423,944.28
0.96,-6.47481,0.427123,-1.64008,1.00906,-0.114648,-2.30244,54496,-1.23294,-5.95584,8.24651,0.360783,-0.0594677,-0.151786,0,8.27792,-0.0302884,-0.205436,0.0477259,545.613,6071.16,5624.9,3531.37,3636.13,10102.6,10839.5,-136674,-15242.1,-134391,-45744.5,614.219,20942.2,569.071,7167.51
0.97,-6.46881,0.422068,-1.62524,1.60818,0.582531,-2.30235,54495,-1.2331,-5.95597,8.24682,0.360795,-0.0594372,-0.151808,0,8.2776,-0.0587902,-0.0954832,-0.039406,-1.13323,2098.75,2429.21,-8.63285,-8.91362,-20.2193,-22.1009,318.177,13.214,271.439,112.299,212.331,-42.3202,245.763,-17.5465
0.98,-6.46906,0.420442,-1.627,1.56374,0.569702,-2.30358,54502,-1.23201,-5.95508,8.24577,0.360712,-0.0596505,-0.151654,0,8.27727,0.04727,-0.177079,-0.351297,13.1171,4675.33,6447.79,83.0008,85.669,231.605,252.457,-3728.3,-455.291,-3104.03,-1071.63,473.003,484.061,652.323,168.67
0.99,-6.46708,0.417585,-1.62314,1.88237,1.31316,-2.30274,54499,-1.23248,-5.95546,8.24353,0.360748,-0.0595591,-0.15172,0,8.27693,0.194228,-0.17774,-0.254548,1.98508,4795.18,6293.27,-33.4402,-34.5198,-6.87314,-7.49953,2265.93,-536.034,102.984,474.348,485.128,-14.3727,636.691,-67.96
1,-6.46302,0.415604,-1.67932,2.70585,1.92203,-2.30215,54496,-1.23294,-5.95584,8.24063,0.360783,-0.0594677,-0.151786,0,8.27657,0.326098,-0.0984623,-34.4395,5.04011,13533,-10784,-241.262,-249.797,-3.86651,-4.33413,9497.66,-5689.5,76.5653,3252.37,1369.13,-8.20064,-1091.01,-491.059
1.01,-6.45934,0.414038,-1.60766,4.2428,-16.0184,-2.30269,54495,-1.2331,-5.95597,8.23839,0.360795,-0.0594372,-0.151808,0,8.27619,0.264209,0.00312152,0.813277,0.684272,19266.6,-1.25118e+06,-5878.69,-6155.37,1188.89,2142.06,372327,-320270,-21767.8,78667.8,1949.2,3330.95,-126582,-12034.1
1.02,-6.4564,0.414159,-1.20321,-0.873072,7816.11,-2.30286,54485,-1.23465,-5.95724,8.23668,0.360914,-0.0591322,-0.152026,0,8.2758,0.316491,-0.0134423,-0.135901,-196.804,-1.05123e+06,2.82814e+09,3.58447e+06,3.76824e+06,2.37307e+08,-2.42035e+08,-4.75506e+08,4.60435e+08,3.09048e+07,-4.80578e+07,-106353,-4.72857e+06,2.86122e+08,7.3527e+06
1.03,-6.45311,0.4143,-2.7424,3.30844,-1149.28,-2.3053,54483,-1.23496,-5.9575,8.23471,0.360938,-0.0590711,-0.152069,0,8.2754,0.338373,-0.0122269,-0.274248,-57.1585,-35932.9,1.4819e+08,1.48319e+06,1.55921e+06,3.15484e+07,-3.31546e+07,-8.48691e+07,6.79587e+07,1.04978e+07,-1.98852e+07,-3635.33,-1.60621e+06,1.49924e+07,3.0424e+06
1.04,-6.44865,0.413582,-1.62651,3.62482,-1.06949,-2.30815,54472,-1.23667,-5.9589,8.23107,0.361068,-0.0587351,-0.152307,0,8.27498,0.538652,-0.215813,-0.37259,-21.7993,-15082.9,97430.7,1058.58,1104.04,-279.516,-364.658,-49237.2,38033.6,4110.96,-14185.1,-1525.94,-644.174,9857.06,2162.62
1.05,-6.4465,0.41582,-1.62392,1.12837,3.04081,-2.31215,54468,-1.23729,-5.9594,8.22577,0.361115,-0.0586128,-0.152393,0,8.27451,0.365612,-0.172789,-1.43715,-241.07,-14575.8,4081.85,-1425.67,-1261.85,-1232.25,-1189.32,-48989.7,11189.9,14728.8,16447.6,-1474.64,-2421.58,412.961,-2687.52
1.06,-6.44268,0.404737,2.15494,0.894845,8.68353,-2.31549,54465,-1.23776,-5.95978,8.22138,0.361151,-0.0585211,-0.152457,0,8.27401,0.425298,-0.268325,2274.38,-98.6307,25165.3,-71969.5,-29.5049,-27.9914,16623,5587.87,-199064,72344.5,-145618,38.2162,2545.97,22210.8,-7281.16,-57.4963
1.07,-6.43543,0.404165,-1.63331,3.43219,7.82208,-2.31738,54459,-1.23869,-5.96055,8.21793,0.361221,-0.0583374,-0.152585,0,8.27348,0.38092,-0.171993,0.994094,-8.84281,48597,-1990.42,31.2381,32.8385,1.8742e+06,-2.0246e+06,1.00457e+06,226520,982980,-426.642,4916.56,-150402,-201.37,64.0765
1.08,-6.43178,0.403388,-1.63619,4.72351,7.3281,-2.31788,54454,-1.23947,-5.96118,8.21447,0.361279,-0.0581843,-0.152691,0,8.27294,0.348678,-0.0732692,-0.205975,4.00841,11629.1,94.8028,24.1494,22.8086,334.011,222.248,-2240.96,-2478.11,-3617.42,-323.323,1176.52,556.259,9.5912,46.9579
1.09,-6.42865,0.402532,-1.67407,4.75462,6.19601,-2.31825,54449,-1.24025,-5.96181,8.212,0.361338,-0.0580311,-0.152797,0,8.27238,0.307502,-0.0758237,-22.5552,5.03174,1166.3,11286.6,-52.092,-48.2348,12.6215,10.9375,1598.39,603.67,-131.052,617.538,117.994,23.559,1141.87,-100.327
1.1,-6.4258,0.400574,-1.63602,3.63318,13.3659,-2.31825,54447,-1.24056,-5.96207,8.20975,0.361361,-0.0579698,-0.152839,0,8.27181,0.164857,-0.133202,0.0160408,9.98296,-26480.9,321118,80.9727,67.9651,189.915,177.061,2412.47,180.137,-2353.04,-928.754,-2679.08,366.976,32487.5,148.938
1.11,-6.4232,0.397819,-1.63579,1.49122,-12.4823,-2.31783,54447,-1.24056,-5.96207,8.20789,0.361361,-0.0579698,-0.152839,0,8.27123,0.0853938,-0.158029,-0.0840862,38.7998,-22133.2,353313,433.581,377.352,627.883,605.225,4804.48,3424.7,-7882.73,-5132.06,-2239.22,1233.11,35744.7,810.932
1.12,-6.42319,0.395367,-1.63707,1.07401,-26.8247,-2.31698,54453,-1.23962,-5.96131,8.20657,0.361291,-0.0581537,-0.152712,0,8.27065,0.0799061,-0.109472,-0.238796,-10.0473,5955.46,-1.77964e+06,-84.9191,-66.477,-145.836,-136.941,-1678.47,-818.107,1802.43,936.766,602.514,-282.776,-180047,-151.396
1.13,-6.42422,0.395619,-1.63139,2.07412,9.05578,-2.31501,54454,-1.23947,-5.96118,8.20505,0.361279,-0.0581843,-0.152691,0,8.27007,0.0164908,-0.165822,1.29878,-15.8391,30707,-64457.4,14.9697,14.1649,1686.71,984.211,-24533.2,2890.88,-17529.2,-278.69,3106.63,2670.92,-6521.15,29.1346
1.14,-6.42277,0.396064,-1.63119,3.0913,8.16738,-2.31273,54448,-1.2404,-5.96194,8.20406,0.361349,-0.0580005,-0.152818,0,8.2695,0.202608,0.0332872,0.0571467,3.87922,4800.18,21296.8,-16.8141,-15.9353,-382.131,-177.647,5417.87,423.47,3676.36,207.169,485.635,-559.778,2154.6,-32.7494
1.15,-6.41871,0.396877,-1.63161,2.32397,12.8727,-2.31291,54445,-1.24087,-5.96232,8.20298,0.361384,-0.0579085,-0.152881,0,8.26892,0.357483,0.141309,-0.13543,16.8129,-16953.6,207457,-39.77,-36.5396,45.1089,39.9173,7698.37,761.52,-479.115,489.262,-1715.19,85.0262,20988.5,-76.3097
1.16,-6.41208,0.395726,-1.63516,0.974273,-16.8208,-2.3141,54436,-1.24227,-5.96346,8.2015,0.361488,-0.0576324,-0.153069,0,8.26834,0.425226,0.133543,-0.45792,115.231,-16559.1,1.08251e+06,744.375,621.508,1365.44,1274.06,24978.8,8622.39,-16726.5,-8493.47,-1675.28,2639.5,109517,1365.88
1.17,-6.44448,0.435278,-1.59396,0.739293,2.46022,-2.31541,54423,-1.24429,-5.9651,8.19961,0.361638,-0.057233,-0.153339,0,8.26775,0.293221,-0.0045623,-0.687876,1445.23,2267.57,41235.4,5778.43,5322.48,2030.88,1786.98,512433,-102984,-18367.9,-66836.5,229.41,3817.87,4171.79,11100.9
1.18,-6.403,0.385676,-1.65224,0.662485,6.14285,-2.31521,54419,-1.24491,-5.96561,8.19754,0.361684,-0.05711,-0.153421,0,8.26715,0.234281,-0.187455,-1.32837,-529.108,3777.13,1999.95,-98.0734,-93.2135,462514,-101799,-3.16103e+06,1.81322e+06,-2.36003e+06,-265.209,382.132,360716,202.335,-191.287
1.19,-6.4066,0.391742,-1.63981,0.987897,7.8474,-2.31507,54425,-1.24398,-5.96485,8.19391,0.361615,-0.0572945,-0.153298,0,8.26654,0.0765354,-0.365623,-1.08064,-25.8684,8321.42,14109.1,-10.1642,-10.6846,1.4463e+06,-1.64404e+06,1.39317e+06,-545084,1.29229e+06,59.7935,841.878,-197739,1427.42,-20.8487
1.2,-6.40672,0.388238,-1.63668,1.06432,7.89603,-2.31442,54432,-1.24289,-5.96397,8.19123,0.361535,-0.0575096,-0.153153,0,8.26591,-0.0934763,-0.400267,-0.0081673,19.8637,-4065.44,5666.96,-0.842278,-0.801178,-3.04638e+07,2.9692e+07,5.45909e+06,-2.06762e+06,5.04438e+06,62.7367,-411.301,-771776,573.326,-1.64346
1.21,-6.40189,0.378093,-1.6667,0.762749,6.06353,-2.31377,54436,-1.24227,-5.96346,8.18857,0.361488,-0.0576324,-0.153069,0,8.26527,-0.0833399,-0.389231,-13.7474,364.634,-4498.49,-44041.4,-23.8453,-22.6819,-1.14695e+09,1.12735e+09,1.56941e+08,-9.04708e+07,1.28082e+08,1290.82,-455.113,-1.95963e+07,-4455.67,-46.5272
1.22,-6.34092,0.291231,-1.7407,0.869653,4.1326,-2.31016,54444,-1.24102,-5.96245,8.18655,0.361396,-0.0578778,-0.152902,0,8.26463,-0.00714362,-0.703391,0.974828,-6588.65,-8720.44,-54908,-1710.02,-1626.33,9.04267e+07,-6.89061e+07,-1.90747e+08,1.25574e+08,-1.40687e+08,1810.77,-882.247,2.15205e+07,-5555.04,-3336.34
1.23,-6.41012,0.375443,-1.62498,0.741622,13.5728,-2.3048,54451,-1.23994,-5.96156,8.185,0.361314,-0.0580924,-0.152755,0,8.26398,-0.295451,-0.291594,1.02766,-108.791,10748.1,208654,-236.305,-221.662,746.34,592.855,-54837.3,11097.6,-9248.64,2676.1,1087.38,1339.2,21109.5,-457.967
1.24,-6.41525,0.376626,-1.61252,2.03926,25.8666,-2.30025,54461,-1.23838,-5.96029,8.18448,0.361198,-0.0583987,-0.152542,0,8.26334,-0.228589,-0.251894,3.20048,-19.8933,34989.5,32777.4,-275.23,-229.647,-468.908,-437.568,-841.681,-522.34,5834.04,3238.29,3539.89,-906.477,3316.09,-504.877
1.25,-6.41779,0.374369,-1.61238,3.37735,21.6652,-2.29684,54471,-1.23683,-5.95902,8.18383,0.36108,-0.0587045,-0.152328,0,8.2627,-0.220729,-0.27126,0.490616,-1.88758,8689.81,30969,-54.7485,-17.62,-53.9292,-51.1672,9.68165,65.4265,678.303,468.914,879.148,-105.096,3133.13,-72.3685
1.26,-6.41896,0.372578,-1.61109,2.76588,25.4726,-2.29567,54482,-1.23512,-5.95762,8.18369,0.36095,-0.0590406,-0.152091,0,8.26207,-0.136487,-0.0751186,0.186605,9.9344,-14927.2,28540.8,88.4824,61.641,180.592,170.392,2116.62,576.576,-2248.74,-953.476,-1510.18,350.984,2887.48,150.123
1.27,-6.41849,0.371232,-1.6073,1.27194,20.3298,-2.29437,54485,-1.23465,-5.95724,8.18441,0.360914,-0.0591322,-0.152026,0,8.26146,-0.0946458,0.00884127,2.35469,52.7392,-20066.3,210213,138.709,126.554,391.703,350.849,18067.2,1723.5,-4612.96,-1584.87,-2030.11,742.552,21267.2,265.263
1.28,-6.41882,0.369937,-1.60971,0.898391,10.3589,-2.2936,54486,-1.2345,-5.95712,8.18487,0.360903,-0.0591627,-0.152004,0,8.26086,0.0234041,0.0278217,1.70535,-7.78768,3692.27,-91716.6,-5.4828,-5.15772,112.298,85.1332,-4806.87,937.295,-1325.89,52.1386,373.547,197.431,-9278.97,-10.6405
1.29,-6.421,0.371571,-1.61038,1.52344,7.67043,-2.29241,54482,-1.23512,-5.95762,8.18487,0.36095,-0.0590406,-0.152091,0,8.26027,-0.0312294,-0.0182029,-0.482498,-19.3783,23069.2,18208.2,61.6372,64.7556,10337.9,-33741,147269,-28818.4,152874,-844.819,2333.92,-23403.2,1842.12,126.393
1.3,-6.42186,0.372484,-1.60724,3.00001,7.98809,-2.29147,54483,-1.23496,-5.9575,8.18497,0.360938,-0.0590711,-0.152069,0,8.2597,-0.0426771,-0.0347059,0.170023,-0.626622,14307.6,18456.7,-8.49185,-8.04081,-130.784,-70.5916,1027.31,177.997,1313.32,109.371,1447.5,-201.375,1867.27,-16.5327
1.31,-6.42243,0.371845,-1.60687,2.83252,8.91768,-2.29144,54490,-1.23388,-5.95661,8.1852,0.360855,-0.0592847,-0.151917,0,8.25913,-0.101572,-0.0519504,0.0754553,7.12289,-8165.51,17720.5,-12.8042,-12.0099,-90.8609,-72.2392,4406.65,26.2082,1098.47,170.562,-826.105,-163.1,1792.78,-24.8141
1.32,-6.42255,0.37087,-1.60764,1.55374,8.01276,-2.29103,54493,-1.23341,-5.95623,8.18596,0.360819,-0.0593762,-0.151851,0,8.25857,-0.147636,-0.0061095,0.0242258,35.4149,-21473.6,-28161.6,-122.136,-116.003,-16601.4,-1325.91,136057,-28028.4,117333,1593.91,-2172.49,-17927.3,-2849.11,-238.139
1.33,-6.42302,0.369221,-1.60898,0.944319,7.12601,-2.29093,54495,-1.2331,-5.95597,8.18658,0.360795,-0.0594372,-0.151808,0,8.25803,-0.0964565,0.00397189,0.0217986,1.3464,2254.31,10397.7,-1.00194,-0.953054,-6.1272e+06,6.03639e+06,643665,-247636,593555,15.6884,228.069,-90812.9,1051.94,-1.95499
1.34,-6.42559,0.371454,-1.60719,1.62372,8.79801,-2.29121,54496,-1.23294,-5.95584,8.18742,0.360783,-0.0594677,-0.151786,0,8.2575,-0.0502827,0.0537017,-0.0143783,-16.9368,24478.3,33974.4,68.3073,64.5429,1131.75,735.282,-20279.6,2631.09,-12280,-885.874,2476.47,1867.03,3437.19,132.85
1.35,-6.42523,0.372482,-1.60795,2.71045,8.44112,-2.29198,54490,-1.23388,-5.95661,8.18744,0.360855,-0.0592847,-0.151917,0,8.25699,0.0834368,0.0114394,-0.195246,1.77143,8386.54,-5190.98,-9.16185,-8.65084,-125.63,-84.724,2187.54,36.421,1382.93,118.711,848.467,-210.354,-525.171,-17.8127
1.36,-6.42364,0.371841,-1.60871,2.11218,7.83027,-2.29298,54489,-1.23403,-5.95673,8.18681,0.360867,-0.0592542,-0.151939,0,8.25647,0.0582339,-0.0228988,0.239081,17.7083,-18269.4,11794.5,-74.5347,-78.342,-219140,298597,-513062,40158.4,-519246,1009.04,-1848.31,79457,1193.25,-152.877
1.37,-6.42175,0.370282,-1.6094,1.11682,9.95131,-2.29319,54488,-1.23419,-5.95686,8.18631,0.360879,-0.0592237,-0.151961,0,8.25596,0.102297,-0.0262291,0.5165,32.6055,-8185,104230,7.77366,7.31575,-622.234,-467.586,21857.1,-4085.48,7271.58,-15.9235,-828.076,-1089.82,10545,15.0894
1.38,-6.42069,0.369788,-1.612,1.01444,12.8836,-2.29381,54485,-1.23465,-5.95724,8.18516,0.360914,-0.0591322,-0.152026,0,8.25544,0.161267,-0.00280149,-0.121036,-20.324,9043.2,-79710.2,-36.501,-34.0562,30.2275,25.2477,-9094.62,806.65,-455.194,402.04,914.901,55.4752,-8064.28,-70.5572
1.39,-6.42102,0.372084,-1.60974,2.32469,7.83876,-2.29358,54482,-1.23512,-5.95762,8.18436,0.36095,-0.0590406,-0.152091,0,8.25493,0.128923,0.0261264,0.0475466,-12.0164,35389.3,-20096.9,75.5768,79.4007,7547.45,-24492.9,105433,244.996,110700,-1000.38,3580.33,-16945.5,-2033.2,154.978
1.4,-6.42011,0.372709,-1.60985,3.82814,7.67971,-2.29401,54484,-1.23481,-5.95737,8.18368,0.360926,-0.0591017,-0.152048,0,8.25442,0.0604735,-0.0104836,-0.0275711,1.60608,11697.9,13804.3,-9.38534,-8.86524,-81.173,-53.7,1650.98,297.988,888.841,116.988,1183.47,-134.873,1396.58,-18.2506
1.41,-6.41966,0.371908,-1.61036,3.33207,10.3195,-2.29371,54480,-1.23543,-5.95788,8.18337,0.360974,-0.0589795,-0.152134,0,8.25392,-0.0362867,-0.0681108,-0.585315,7.78679,-14912.2,132744,9.87164,8.94203,59.3266,53.6116,3241.64,131.925,-702.676,-87.8572,-1508.67,112.938,13429.7,18.8137
1.42,-6.41841,0.370324,-1.60811,1.48453,-7.78849,-2.29399,54482,-1.23512,-5.95762,8.1833,0.36095,-0.0590406,-0.152091,0,8.25342,-0.0459296,-0.0548978,-0.103412,45.9831,-26176.8,319791,537.909,513.297,734.071,716.533,6399.39,5060.85,-9271.54,-6670.91,-2648.31,1450.6,32353.3,1051.21
1.43,-6.4174,0.367138,-1.60745,0.823711,-2.06546,-2.29474,54488,-1.23419,-5.95686,8.18302,0.360879,-0.0592237,-0.151961,0,8.25293,0.0288979,-0.0749762,1.37112,12.6215,4.92781,-12265.5,155.093,153.169,173.195,171.473,1252.64,1457.49,-2195.22,-1958.59,0.498547,344.669,-1240.9,308.262
1.44,-6.41803,0.367927,-1.61158,1.07453,-17.9608,-2.29499,54487,-1.23434,-5.95699,8.18176,0.360891,-0.0591932,-0.151982,0,8.25244,0.146716,-0.061981,0.287117,-23.9381,11836.3,-1.24984e+06,-338.064,-58.4221,-360.669,-343.664,-3891.3,-2300.55,4494.4,2483.75,1197.48,-704.333,-126447,-396.486
1.45,-6.41693,0.368534,-1.61143,1.60144,25.6216,-2.29479,54480,-1.23543,-5.95788,8.18036,0.360974,-0.0589795,-0.152134,0,8.25194,0.141849,-0.043421,-0.0221254,-2.64618,8041.5,-22975.3,-17.6638,-15.4807,-39.4688,-36.4113,-561.511,-132.851,483.891,207.773,813.558,-75.8801,-2324.41,-33.1444
1.46,-6.41519,0.367824,-1.61094,1.50563,-37.6551,-2.29548,54483,-1.23496,-5.9575,8.17909,0.360938,-0.0590711,-0.152069,0,8.25144,0.0919235,-0.0318913,-0.0744795,15.8048,-6966.52,2.41405e+06,175.373,70.1387,246.107,234.748,3096.68,1546.31,-3070.83,-1540.88,-704.802,480.856,244229,245.512
1.47,-6.41239,0.364369,-1.60734,0.785519,-1.22607,-2.29532,54479,-1.23558,-5.95801,8.17889,0.360986,-0.058949,-0.152156,0,8.25095,-0.0569556,-0.0365125,-0.340218,77.0983,-4196.33,35652.9,1057.67,1058.01,1054.55,1054.89,4308.51,8242.88,-13435.9,-13476.7,-424.543,2109.44,3607.01,2115.68
1.48,-6.41452,0.363898,-1.60813,0.765807,-0.988668,-2.29507,54481,-1.23527,-5.95775,8.17879,0.360962,-0.0590101,-0.152113,0,8.25046,0.0153295,-0.0857157,0.263686,-55.367,6867.43,-18720.9,-832.955,-840.09,-794.575,-802.788,-1040.88,-3763.46,10188,10687.9,694.778,-1597.36,-1893.99,-1673.04
1.49,-6.41591,0.366208,-1.61147,1.66141,-7.1428,-2.29531,54485,-1.23465,-5.95724,8.17747,0.360914,-0.0591322,-0.152026,0,8.24997,0.0888898,-0.0657755,-0.276007,-18.1601,25015.9,-252730,-252.179,-244.135,-306.291,-300.326,-1746.77,-1460,3882.06,3157.06,2530.86,-606.617,-25568.6,-496.313
1.5,-6.41429,0.366343,-1.61127,2.55217,410.172,-2.2955,54479,-1.23558,-5.95801,8.17605,0.360986,-0.058949,-0.152156,0,8.24948,0.137801,-0.0190003,-0.0439697,3.93791,2306.5,2.60722e+07,34.2499,23.5196,66.4443,63.5793,973.561,378.409,-831.884,-364.107,233.349,130.024,2.63772e+06,57.7695
1.51,-6.41194,0.365755,-1.61048,1.75734,-6.16905,-2.29634,54476,-1.23605,-5.95839,8.17518,0.361021,-0.0588574,-0.152221,0,8.24898,0.13347,-0.022539,0.0794193,22.3479,-16657.8,161834,299.723,292.298,364.597,358.557,2943.29,2211.49,-4624.67,-3769.45,-1685.27,723.154,16372.8,592.021
1.52,-6.4079,0.362592,-1.60838,0.820072,-0.839146,-2.29669,54475,-1.23621,-5.95851,8.17469,0.361033,-0.0588268,-0.152242,0,8.2485,-0.00940116,-0.0270817,-0.111961,152.407,-9623.85,25545.3,2266.28,2285.51,2137.95,2159.79,3944.97,12276.7,-27395.3,-29065.6,-973.645,4297.74,2584.42,4551.79
1.53,-6.40137,0.348601,-1.62189,0.674014,0.143618,-2.29586,54476,-1.23605,-5.95839,8.17437,0.361021,-0.0588574,-0.152221,0,8.24801,0.00693478,-0.0802349,-4.45797,-478.665,1119.73,-18572.7,-6291.85,-6325.87,-5991.65,-6027.98,-14020.4,-51558.3,76378.6,80296.1,113.283,-12019.6,-1879,-12617.7
1.54,-6.41168,0.362509,-1.61226,1.05774,-48.2272,-2.29456,54477,-1.23589,-5.95826,8.1733,0.361009,-0.0588879,-0.152199,0,8.24753,0.0714072,-0.183076,0.271042,-49.909,22218.2,-1.04861e+07,-417.495,-311.66,-717.583,-675.509,-9124.6,-3922.33,8877.76,4546.11,2247.81,-1393.09,-1.06088e+06,-729.155
1.55,-6.41168,0.363955,-1.61022,2.29027,10.4937,-2.29349,54477,-1.23589,-5.95826,8.17248,0.361009,-0.0588879,-0.152199,0,8.24704,0.0630289,-0.0121301,0.0116881,-3.04025,15631,-10053.5,2.6256,2.44097,6.20755,5.29189,-1505.27,-10.6429,-89.0133,-38.343,1581.39,11.4994,-1017.11,5.06657
1.56,-6.41047,0.364255,-1.61009,2.22304,16.7954,-2.29364,54475,-1.23621,-5.95851,8.1723,0.361033,-0.0588268,-0.152242,0,8.24656,0.074946,0.0408854,-0.16609,11.6095,-9334.79,346497,20.5499,18.1783,127.215,116.901,3951.65,714.135,-1542.63,-233.541,-944.401,244.116,35055.1,38.7282
1.57,-6.40769,0.363672,-1.6079,1.11855,-3.81139,-2.29424,54477,-1.23589,-5.95826,8.17227,0.361009,-0.0588879,-0.152199,0,8.24609,0.0789089,0.137513,-0.354229,63.8095,-16712.3,156517,766.418,751.418,929.238,916.167,9063.87,8258.87,-11770.7,-9647.05,-1690.78,1845.41,15834.8,1517.84
1.58,-6.39784,0.3523,-1.59794,0.702776,-0.0442897,-2.29358,54471,-1.23683,-5.95902,8.17308,0.36108,-0.0587045,-0.152328,0,8.24563,-0.0139551,-0.00524324,-0.642644,343.095,-948.366,6065.94,5007.49,5087.32,4743.89,4854.94,-9008.72,20652.5,-61174.1,-64517.9,-95.9462,9598.83,613.691,10094.8
1.59,-6.40881,0.36096,-1.60948,0.748483,-1.2438,-2.29306,54473,-1.23652,-5.95877,8.17258,0.361056,-0.0587657,-0.152285,0,8.24517,-0.00211531,-0.135619,-0.0797211,-100.472,12202.7,-53057.5,-1460.56,-1465.37,-1425.2,-1430.23,-3298.11,-8583.16,18205.1,18668.6,1234.54,-2855.43,-5367.82,-2925.92
1.6,-6.41054,0.363231,-1.61053,1.96943,-116.316,-2.29307,54475,-1.23621,-5.95851,8.17136,0.361033,-0.0588268,-0.152242,0,8.24471,0.00826229,-0.10511,-0.357425,-13.5063,26462,-3.56608e+07,-171.987,-111.024,-244.682,-233.96,-1959.5,-920.559,3066.84,1778.23,2677.17,-478.642,-3.6078e+06,-283.011
1.61,-6.41026,0.363391,-1.609,2.59729,17.1876,-2.29328,54480,-1.23543,-5.95788,8.17105,0.360974,-0.0589795,-0.152134,0,8.24425,0.00874319,0.0120472,0.158458,5.78897,-1353.71,82461.2,15.3469,13.1176,74.1715,68.9171,1892.07,380.552,-908.841,-172.231,-136.955,143.089,8342.6,28.4645
1.62,-6.40757,0.361194,-1.60853,1.52505,-16.0564,-2.29343,54479,-1.23558,-5.95801,8.16943,0.360986,-0.058949,-0.152156,0,8.24379,0.0677584,-0.163044,-0.1253,30.7589,-19015.2,857488,355.793,311.134,518.008,499.486,3709.09,2700.74,-6510.13,-4211.7,-1923.77,1017.49,86752.1,666.926
1.63,-6.40585,0.357782,-1.60969,0.895072,-3.68242,-2.29327,54476,-1.23605,-5.95839,8.1679,0.361021,-0.0588574,-0.152221,0,8.24332,0.0526193,-0.153426,-0.0151246,27.2256,-2798.15,834.925,300.322,288.877,384.639,376.321,3215.74,3043.12,-4849.54,-3733.54,-283.089,760.96,84.4693,589.199
1.64,-6.40646,0.356448,-1.61154,1.02899,-69.4373,-2.2932,54482,-1.23512,-5.95762,8.16585,0.36095,-0.0590406,-0.152091,0,8.24285,0.109264,-0.226005,-0.309863,-30.5904,12364.8,-1.53376e+07,-249.666,-203.044,-432.027,-404.412,-5333.55,-2090.77,5327.53,2805.36,1250.95,-836.439,-1.5517e+06,-452.709
1.65,-6.40614,0.356386,-1.61014,2.32352,8.84009,-2.29203,54478,-1.23574,-5.95813,8.16322,0.360997,-0.0589185,-0.152178,0,8.24237,0.251669,-0.153756,-0.864404,-11.6882,30234.2,-40438.8,1.36244,1.28459,500.917,357.727,-10933.5,796.399,-5665.31,-73.8979,3058.79,858.644,-4091.19,2.64703
1.66,-6.40234,0.357327,-1.61028,3.17515,8.34877,-2.29294,54471,-1.23683,-5.95902,8.16123,0.36108,-0.0587045,-0.152328,0,8.24188,0.399848,0.102803,-0.316342,6.26395,1315.12,26169.4,-24.0598,-22.6376,-43.277,-32.6774,3301.47,275.661,524.977,284.516,133.05,-75.9544,2647.56,-46.6974
1.67,-6.39717,0.35764,-1.60511,2.24178,16.4431,-2.29502,54466,-1.2376,-5.95966,8.15927,0.361139,-0.0585516,-0.152436,0,8.24138,0.460257,0.0566528,3.95331,17.4449,-18743.7,418841,17.0063,15.1113,170.718,156.522,6269.78,1079.94,-2059.33,-184.904,-1896.3,327.239,42374.1,32.1177
1.68,-6.39166,0.356538,-1.6163,1.13611,-18.4342,-2.29753,54457,-1.239,-5.9608,8.1569,0.361244,-0.0582762,-0.152628,0,8.24088,0.440295,0.0467501,-0.414889,41.904,-11729.4,484958,1500.02,-864.069,599.126,569.707,7625.76,3932.55,-7448.49,-3992.6,-1186.66,1168.83,49063.2,635.949
1.69,-6.38757,0.353622,-1.62377,0.792626,-34.1799,-2.29955,54446,-1.24071,-5.96219,8.15436,0.361373,-0.0579392,-0.15286,0,8.24037,0.217706,-0.0789706,-1.09972,2.81065,899.569,-3.07006e+06,7.74754,6.93419,16.3156,14.8937,957.548,73.8393,-191.175,-102.398,91.0094,31.2093,-310598,14.6817
1.7,-6.38998,0.355019,-1.6202,1.26993,8.83146,-2.29976,54447,-1.24056,-5.96207,8.15317,0.361361,-0.0579698,-0.152839,0,8.23986,0.0416533,-0.1337,-0.165822,-28.8007,20615.8,-24687.5,8.4746,8.02241,2151.85,1199.19,-35136.9,8090.02,-22033.4,-188.452,2085.7,3351.04,-2497.63,16.497
1.71,-6.39044,0.354803,-1.61723,2.51524,8.63748,-2.29877,54449,-1.24025,-5.96181,8.15187,0.361338,-0.0580311,-0.152797,0,8.23934,-0.0272715,-0.170023,0.139036,-4.34624,16561.6,28195.1,-40.8874,-38.6,-326.877,-222.293,1701.1,138.22,3569.55,522.428,1675.53,-549.171,2852.5,-79.4874
1.72,-6.39005,0.352676,-1.61629,2.62061,13.3946,-2.29849,54457,-1.239,-5.9608,8.15036,0.361244,-0.0582762,-0.152628,0,8.23882,0.0984097,-0.202317,-0.197853,4.59299,-4359.46,198076,13.0839,11.7585,8.95128,8.14693,2169.42,-76.6008,-90.8241,-109.036,-441.046,17.0982,20039.3,24.8424
1.73,-6.38624,0.350456,-1.61721,1.28864,-10.5419,-2.29943,54451,-1.23994,-5.96156,8.14831,0.361314,-0.0580924,-0.152755,0,8.2383,0.209524,-0.0874282,-0.299248,50.5191,-20521.9,388118,528.201,469.296,785.702,758.578,7100.21,5153.72,-9863.13,-6303.3,-2076.2,1544.28,39265.9,997.498
1.74,-6.38196,0.347143,-1.6217,0.77839,-4.36717,-2.30083,54446,-1.24071,-5.96219,8.14617,0.361373,-0.0579392,-0.15286,0,8.23777,0.342473,-0.0486114,0.0514561,-1.72602,1191.23,-83545.7,-32.3507,-26.2702,-44.1594,-42.4154,370.802,-335.839,557.984,365.389,120.517,-86.5748,-8452.32,-58.6209
1.75,-6.38226,0.348924,-1.62315,1.21358,12.2525,-2.30115,54442,-1.24134,-5.9627,8.14385,0.361419,-0.0578165,-0.152944,0,8.23723,0.208533,-0.108024,-0.811075,-31.7166,20100.5,-227567,-58.5461,-54.6983,150.029,124.093,-15332.2,1857.9,-1936.17,615.643,2033.56,274.121,-23023,-113.244
1.76,-6.38243,0.350197,-1.59905,2.48418,9.12894,-2.29909,54441,-1.24149,-5.96283,8.14328,0.361431,-0.0577858,-0.152965,0,8.2367,0.0546097,-0.054556,11.5942,-3.4511,17504.3,14219.9,-1.75531,-1.65024,19.7474,15.15,-1836.76,60.5945,-243.813,17.9781,1770.91,34.8974,1438.63,-3.40555
1.77,-6.38079,0.348783,-1.60245,2.49829,13.6773,-2.29741,54441,-1.24149,-5.96283,8.14169,0.361431,-0.0577858,-0.152965,0,8.23616,0.153321,-0.156177,8.17192,7.20681,-8061.58,211067,25.9361,23.357,57.6887,52.4174,2669.39,46.8618,-686.808,-272.731,-815.59,110.106,21353.7,49.2931
1.78,-6.37738,0.346355,-1.60313,1.31452,-27.8288,-2.29769,54440,-1.24165,-5.96295,8.13953,0.361442,-0.0577551,-0.152986,0,8.23562,0.228652,-0.146303,8.05478,42.6937,-18646.6,1.44569e+06,1315.89,-593.384,654.953,622.706,6807.27,3544.4,-8156.17,-4546.16,-1886.48,1277.66,146260,722.504
1.79,-6.37109,0.339794,-1.62374,0.721381,-5.33782,-2.2989,54437,-1.24211,-5.96333,8.1369,0.361477,-0.0576631,-0.153049,0,8.23507,0.297118,-0.166746,0.0665412,54.3069,-945.556,-96528.2,329.911,279.614,518.099,482.221,12409.4,2980.02,-6290.58,-3790.43,-95.6619,1000.32,-9765.76,609.524
1.8,-6.37403,0.341599,-1.62678,0.858405,7.91815,-2.2997,54441,-1.24149,-5.96283,8.13471,0.361431,-0.0577858,-0.152965,0,8.23451,0.0911002,-0.18468,-2.72222,-57.2662,12097.8,-67302.7,27.4236,26.0264,12596.5,3412.78,-139270,52700.8,-104897,-531.147,1223.93,16009.3,-6809.02,53.45
1.81,-6.37658,0.342747,-1.61627,1.89963,8.9059,-2.29733,54440,-1.24165,-5.96295,8.13405,0.361442,-0.0577551,-0.152986,0,8.23396,-0.164545,-0.168364,0.456542,-12.2662,22449.7,36398.3,-29.4971,-27.8617,82.0373,54.3583,-6221.86,591.422,-947.368,358.954,2271.23,136.396,3682.41,-57.3588
1.82,-6.37999,0.341484,-1.60871,2.4501,14.4718,-2.29423,54449,-1.24025,-5.96181,8.13485,0.361338,-0.0580311,-0.152797,0,8.23341,-0.384978,-0.171108,2.15325,2.6597,540.547,227420,-5.91294,-5.278,-28.5397,-26.0978,1782.6,-70.2449,369.227,117.632,54.6872,-54.6375,23008.1,-11.1909
1.83,-6.38243,0.339033,-1.60511,1.66334,-26.9433,-2.29253,54459,-1.23869,-5.96055,8.1357,0.361221,-0.0583374,-0.152585,0,8.23288,-0.297762,-0.186718,2.65164,21.8812,-15552,1.03723e+06,240.115,192.211,366.168,351.528,3270.44,1867.16,-4591.12,-2731.39,-1573.4,717.696,104937,432.326
1.84,-6.38169,0.335316,-1.61082,0.88144,-7.33619,-2.29236,54470,-1.23698,-5.95915,8.13552,0.361092,-0.058674,-0.15235,0,8.23235,-0.0284923,-0.128984,-0.0872999,62.5822,-6988.43,32513.3,595.812,399.583,841.708,805.169,10503.5,6324.67,-10478.7,-6255.88,-707.019,1646.88,3289.37,995.395
1.85,-6.38328,0.334829,-1.61361,0.954193,14.0983,-2.29311,54471,-1.23683,-5.95902,8.13464,0.36108,-0.0587045,-0.152328,0,8.23182,0.0991399,-0.102064,-0.726775,-34.1005,11244.1,-209759,-86.8967,-80.8928,-20.7227,-17.5475,-13944.4,1153.45,94.7459,979.805,1137.57,-38.2702,-21221.3,-167.79
1.86,-6.38335,0.336806,-1.61112,2.50748,7.95135,-2.29404,54469,-1.23714,-5.95928,8.13313,0.361104,-0.0586434,-0.152371,0,8.23129,0.204763,-0.0119689,0.0115413,-11.8698,39340.9,-15596.8,75.5869,71.8579,30414,-11257.8,-130570,-4263.85,-125258,-958.551,3980.12,19156.2,-1577.93,147.445
1.87,-6.38179,0.336778,-1.61201,4.26202,7.52677,-2.29517,54466,-1.2376,-5.95966,8.13138,0.361139,-0.0585516,-0.152436,0,8.23076,0.0621168,-0.0930906,0.0922513,0.321909,15638,8494.59,-20.9753,-19.8776,-392.235,-184.932,4152.68,1786.91,3773.8,267.079,1582.1,-577.167,859.397,-40.8528
1.88,-6.38152,0.335633,-1.61166,4.34445,7.25562,-2.29442,54463,-1.23807,-5.96004,8.13053,0.361174,-0.0584599,-0.1525,0,8.23022,0.0325469,-0.106161,-0.0668109,2.60226,1004.31,23981.6,-25.5947,-23.622,-66.9189,-58.5806,2492.41,365.322,832.116,341.598,101.606,-125.499,2426.21,-49.2167
1.89,-6.38082,0.334867,-1.61086,3.30598,14.4148,-2.29476,54464,-1.23791,-5.95991,8.13021,0.361162,-0.0584905,-0.152478,0,8.22969,0.0211795,-0.0165463,0.384788,11.2322,-23697.7,243017,34.1324,28.4202,162.451,151.639,3652.35,702.278,-2001.7,-381.785,-2397.5,314.09,24586,62.5526
1.9,-6.37974,0.333935,-1.61274,1.52072,53.8767,-2.2947,54464,-1.23791,-5.95991,8.13038,0.361162,-0.0584905,-0.152478,0,8.22917,-0.0186777,0.0180914,-0.173419,32.9475,-18873.8,668967,161.904,135.599,423.441,394.917,8889.91,2567.92,-5198.61,-1839.36,-1909.46,818.357,67679.4,297.503
1.91,-6.37949,0.332598,-1.61369,0.989593,10.6176,-2.29433,54464,-1.23791,-5.95991,8.13046,0.361162,-0.0584905,-0.152478,0,8.22865,0.0120601,-0.000538425,0.444467,-1.88468,3217.1,-154409,-0.889848,-0.836432,28.7701,22.1431,-1186.03,219.814,-341.354,6.18718,325.474,50.9131,-15621.6,-1.72628
1.92,-6.38065,0.334074,-1.61126,1.67288,7.85574,-2.29418,54468,-1.23729,-5.9594,8.13018,0.361115,-0.0586128,-0.152393,0,8.22814,0.0679353,0.00912792,0.535089,-14.447,22345.2,13497.1,54.9267,57.7361,402751,-495283,606192,-97135.4,604715,-746.575,2260.66,-92531.4,1365.5,112.663
1.93,-6.3797,0.334859,-1.61172,2.31798,8.81269,-2.29425,54466,-1.2376,-5.95966,8.12986,0.361139,-0.0585516,-0.152436,0,8.22763,0.0751442,0.0212642,0.0010481,5.15176,902.384,42092.2,-17.1586,-16.1848,-195.37,-137.562,4545.65,-148.902,2199.5,218.826,91.2942,-332.932,4258.47,-33.3433
1.94,-6.37807,0.334326,-1.61634,1.41282,10.829,-2.29475,54465,-1.23776,-5.95978,8.12986,0.361151,-0.0585211,-0.152457,0,8.22713,0.00773111,0.0413923,-1.86868,40.0011,-19581.7,9028.5,-22.6958,-21.2734,-452.605,-362.886,23739.6,-2417.21,5512.28,365.884,-1981.08,-815.491,913.413,-43.9692
1.95,-6.36591,0.323392,-1.63206,0.756059,4.28345,-2.29426,54465,-1.23776,-5.95978,8.13074,0.361151,-0.0585211,-0.152457,0,8.22663,-0.165855,0.0232372,0.195882,1105.64,-2150.19,-103530,-221.753,-232.925,-163645,919328,-5.71254e+06,3.59007e+06,-4.93407e+06,5925.41,-217.535,755684,-10474.1,-454.678
1.96,-6.37143,0.32158,-1.62932,0.662699,4.45829,-2.29288,54465,-1.23776,-5.95978,8.13195,0.361151,-0.0585211,-0.152457,0,8.22615,-0.0925589,0.113204,-0.553351,-604.32,1573.81,51531.1,15.5528,16.3491,3.25866e+07,-3.69477e+07,3.53366e+07,-2.12478e+07,2.85015e+07,-1846.19,159.223,-4.36116e+06,5213.4,31.9019
1.97,-6.38017,0.335309,-1.61106,0.981055,9.72774,-2.29193,54464,-1.23791,-5.95991,8.13245,0.361162,-0.0584905,-0.152478,0,8.22568,0.0210121,0.0381787,0.149113,-42.6142,16066,82155.6,6.97502,6.56939,947.33,698.315,-30435.7,6000.64,-10950,-183.551,1625.4,1645.64,8311.69,13.5444
1.98,-6.38027,0.336417,-1.6086,1.7662,10.2614,-2.29236,54464,-1.23791,-5.95991,8.132,0.361162,-0.0584905,-0.152478,0,8.2252,0.0598126,-0.0647215,1.1207,-0.872911,7220.12,-15248.9,-2.47139,-2.315,15.4443,12.4729,-556.25,97.9251,-186.443,24.1237,730.46,27.9172,-1542.73,-4.78639
1.99,-6.37616,0.33736,-1.32459,1.30375,7.8191,-2.29365,54464,-1.23791,-5.95991,8.1309,0.361162,-0.0584905,-0.152478,0,8.22473,0.0596875,-0.0726302,172.964,37.701,-15595.3,-24187.8,-58.6004,-55.6978,-40062.2,9361.21,226003,-62819.9,200832,804.461,-1577.77,-30701,-2447.08,-114.298
2,-6.58791,0.530068,-1.49139,0.433337,16.2666,-2.29392,54464,-1.23791,-5.95991,8.13064,0.361162,-0.0584905,-0.152478,0,8.22426,-0.692926,-0.524562,-23.192,292801,390670,-1.79027e+07,599018,564189,-5.56589e+06,-4.10157e+06,2.03294e+08,-8.69696e+07,6.45203e+07,-6.58142e+06,39524.1,-9.66747e+06,-1.81122e+06,1.16321e+06
2.01,-6.3883,0.346543,-1.60773,0.949119,2.47064,-2.29219,54461,-1.23838,-5.96029,8.13095,0.361198,-0.0583987,-0.152542,0,8.22379,-0.107123,-0.000813949,-0.394426,-151.033,-2641.11,-23118.2,-1166.68,-1091.84,-1316.07,-1279.09,-21144.7,-10391.7,16273.6,14081.9,-267.201,-2595.16,-2338.87,-2258.52
2.02,-6.38915,0.340785,-1.61239,1.5365,1.50282,-2.28721,54471,-1.23683,-5.95902,8.13301,0.36108,-0.0587045,-0.152328,0,8.22334,-0.330383,0.0123847,0.539537,69.3564,12597.1,2232.42,738.684,757.185,583.66,612.95,6796.41,6062.88,-7504.94,-9425.03,1274.45,1196.61,225.854,1495.87
2.03,-6.39232,0.340754,-1.60529,2.12455,1.16444,-2.28274,54475,-1.23621,-5.95851,8.13637,0.361033,-0.0588268,-0.152242,0,8.22292,-0.417025,0.0425263,0.722387,-0.529493,1664.14,4007.86,15.9033,16.4592,-131.851,-147.167,9625.96,903.552,1821.23,-118.699,168.361,-279.018,405.475,32.3626
2.04,-6.39447,0.339434,-1.6366,3.39499,8.21247,-2.2801,54481,-1.23527,-5.95775,8.1384,0.360962,-0.0590101,-0.152113,0,8.2225,-0.350135,0.0678765,0.479061,15.0068,23684.8,360341,630.127,656.583,73.6111,92.8934,30256.7,8492.72,-1019.88,-8340.84,2396.19,166.505,36455.7,1286.71
2.05,-6.39711,0.33935,-2.28633,4.44923,-983.524,-2.27829,54492,-1.23356,-5.95635,8.14069,0.360831,-0.0593457,-0.151873,0,8.2221,-0.287798,-0.0113632,-0.0433142,12.2679,28577.7,-3.00163e+07,-29003.5,-27583,227891,-162705,-2.62352e+06,-272674,-425995,369801,2891.2,65185.8,-3.03675e+06,-56586.5
2.06,-6.39979,0.339035,-1.13914,7.85303,10845.9,-2.2774,54497,-1.23279,-5.95572,8.14224,0.360772,-0.0594981,-0.151764,0,8.22171,-0.333768,-0.108911,0.471671,-101.33,944701,5.9912e+09,-1.27978e+06,-1.34538e+06,2.6463e+08,-2.733e+08,2.90782e+08,-1.16108e+07,5.66672e+07,1.71578e+07,95575.4,-8.67015e+06,6.06129e+08,-2.62516e+06
2.07,-6.4033,0.339337,-1.46853,4.61809,-422.79,-2.27375,54504,-1.2317,-5.95482,8.14448,0.360688,-0.0597114,-0.15161,0,8.22134,-0.338829,0.0800293,0.397062,10.9756,70992.1,4.4937e+07,-125629,-119483,-908096,714673,9.17219e+06,-1.27892e+06,1.26425e+06,1.60205e+06,7182.27,-193423,4.54628e+06,-245111
2.08,-6.40638,0.340558,-2.59789,3.59963,-1282.4,-2.27103,54504,-1.2317,-5.95482,8.14735,0.360688,-0.0597114,-0.15161,0,8.22099,-0.315142,0.107053,0.17394,41.6745,115799,-1.02401e+08,82792.1,78751.7,1.84931e+06,-1.78328e+06,-4.65131e+06,963656,-431351,-1.05579e+06,11715.4,66025.8,-1.03599e+07,161544
2.09,-6.40877,0.341464,-2.47914,4.51185,-507.227,-2.27095,54507,-1.23124,-5.95444,8.1496,0.360652,-0.0598027,-0.151543,0,8.22064,-0.292346,0.0945984,0.154764,11.3035,2007.31,-5.33342e+07,240701,253038,2.87636e+06,-2.98935e+06,-1.07327e+07,5.29117e+06,738548,-3.22706e+06,203.08,-112990,-5.39582e+06,493739
2.1,-6.4112,0.341721,-1.35681,4.55282,-467.747,-2.27131,54516,-1.22984,-5.95329,8.15152,0.360543,-0.0600765,-0.151344,0,8.22031,-0.260462,-0.00856251,0.0430151,8.67963,6016.58,-4.09505e+07,181397,190677,848074,-1.02589e+06,-9.44163e+06,7.03001e+06,1.16225e+06,-2.43182e+06,608.697,-177818,-4.14296e+06,372074
2.11,-6.41342,0.341113,-0.870829,2.80485,-1235.59,-2.2714,54517,-1.22969,-5.95317,8.15259,0.360531,-0.0601069,-0.151321,0,8.21999,-0.199796,-0.0650319,-0.1191,41.2182,-587406,1.29489e+08,3.58798e+06,3.77194e+06,1.57738e+08,-1.60392e+08,-1.64908e+08,1.00184e+08,1.73429e+07,-4.81039e+07,-59427.8,-2.65343e+06,1.31004e+07,7.35993e+06
2.12,-6.41521,0.340051,-1.43084,5.1229,431.982,-2.272,54522,-1.22891,-5.95253,8.15301,0.360471,-0.0602588,-0.15121,0,8.21968,-0.129225,-0.0698892,-0.030287,-4.1418,64426.6,1.22993e+08,-138061,-145130,414179,-469792,7.20959e+06,-1.92022e+06,363465,1.85093e+06,6518.04,-55613,1.24432e+07,-283191
2.13,-6.41615,0.339906,-1.59007,3.2746,3.49681,-2.27456,54530,-1.22767,-5.9515,8.15253,0.360374,-0.0605017,-0.15103,0,8.21936,-0.0606947,-0.146832,-0.147264,-21.8248,-23138.2,-94160.7,-225.018,-234.158,-307.095,-373.563,6436.14,-836.222,4349.3,2946.43,-2340.89,-680.658,-9526.24,-459.176
2.14,-6.41765,0.339221,-1.59189,2.09885,1.67251,-2.27641,54533,-1.2272,-5.95112,8.15179,0.360337,-0.0605928,-0.150962,0,8.21905,-0.0529331,-0.0971199,0.0970275,-6.86759,775.28,1270.09,-78.8646,-81.3928,-85.1822,-92.7921,1049.56,-283.066,1131.94,1024.14,78.4351,-177.974,128.495,-160.257
2.15,-6.41824,0.340186,-1.59081,1.59848,1.47602,-2.27632,54535,-1.22689,-5.95087,8.15152,0.360313,-0.0606534,-0.150917,0,8.21873,-0.0253712,-0.00592121,-0.172731,-52.7341,-9829.53,-5864.12,-648.89,-666.967,-615.716,-654.453,5436.04,-3093.69,8061.46,8401.16,-994.454,-1270.17,-593.273,-1315.86
2.16,-6.42417,0.347256,-1.59207,0.888712,0.737021,-2.27411,54531,-1.22751,-5.95138,8.15234,0.360362,-0.0605321,-0.151007,0,8.21843,-0.0788768,0.0877042,0.317011,-203.514,-2318.03,-5206.44,-2762.31,-2822.88,-2670.92,-2775.22,14218.3,-11244.1,34668.3,35694.9,-234.515,-5446.13,-526.735,-5585.19
2.17,-6.41089,0.32646,-1.576,0.603174,-0.298722,-2.27265,54535,-1.22689,-5.95087,8.15438,0.360313,-0.0606534,-0.150917,0,8.21813,-0.154641,0.287096,-0.0323003,-490.56,5127.89,-13040.7,-7290.01,-7420.07,-7446.19,-7652.74,16668.7,-17932.5,96450.4,94147.9,518.789,-15098.9,-1319.32,-14710.1
2.18,-6.41747,0.338075,-1.57781,1.24249,-0.981809,-2.27021,54534,-1.22705,-5.95099,8.15687,0.360325,-0.0606231,-0.15094,0,8.21785,-0.134888,0.230396,0.390661,-23.0485,19845.7,8976.42,-417.785,-424.806,-445.181,-456.451,-1468.5,-663.462,5788,5419.31,2007.79,-901.632,908.144,-842.591
2.19,-6.41976,0.339865,6.61522,1.52088,-0.0828894,-2.26546,54534,-1.22705,-5.95099,8.15863,0.360325,-0.0606231,-0.15094,0,8.21758,-0.0785989,0.114217,4912.53,13.922,-4542.49,19484.1,194.027,199.356,415.803,441.148,1518.1,-778.671,-5537.55,-2503.23,-459.563,856.951,1971.21,393.383
2.2,-6.41908,0.339631,-1.56938,0.837292,-0.227719,-2.25929,54536,-1.22674,-5.95074,8.16191,0.360301,-0.0606838,-0.150894,0,8.21733,-0.654015,0.126346,-4.48125,107.995,-10753.8,-8936.05,615.463,634.545,2256.35,2440.49,-18206.7,-1131.84,-30206.2,-7979.56,-1087.97,4696.84,-904.06,1250.01
2.21,-6.41888,0.334926,-1.54153,0.623224,-0.423522,-2.24959,54538,-1.22643,-5.95048,8.16757,0.360276,-0.0607444,-0.150849,0,8.2171,-0.456121,0.197642,2.06104,9.14394,319.446,-3322.58,-60.708,-62.4187,80.365,85.5539,-6576.89,-1337.46,-1042.77,745.811,32.3184,165.919,-336.146,-123.127
2.22,-6.42819,0.345417,-1.5495,0.777641,-0.612326,-2.24298,54543,-1.22565,-5.94984,8.17156,0.360215,-0.0608959,-0.150735,0,8.2169,-0.0914159,0.257403,-0.251164,-48.2,10399.5,-3748.61,-749.88,-766.411,-1011.16,-1051.02,-625.833,128.395,13258.7,9725.1,1052.12,-2062.18,-379.247,-1516.29
2.23,-6.43125,0.350172,-1.54435,1.43115,-0.558323,-2.23807,54542,-1.22581,-5.94997,8.17461,0.360227,-0.0608656,-0.150758,0,8.21671,-0.196812,0.300853,0.531357,-2.4646,10731.7,11654,-63.0017,-64.4043,-56.0217,-58.27,-1.44917,-436.159,735.775,840.933,1085.72,-114.292,1179.03,-127.406
2.24,-6.43206,0.353085,-1.53673,1.39631,-0.00794208,-2.23244,54536,-1.22674,-5.95074,8.17786,0.360301,-0.0606838,-0.150894,0,8.21653,-0.127109,0.313096,1.3043,22.7296,-8189.29,11706.7,347.126,357.83,870.859,940.924,4835.78,-742.345,-11738.1,-4486.44,-828.51,1811.78,1184.37,704.956
2.25,-6.42846,0.351719,-1.52934,0.701691,-0.456148,-2.22878,54539,-1.22627,-5.95035,8.18088,0.360264,-0.0607747,-0.150826,0,8.21637,-0.126664,0.174764,-1.71934,271.665,-9158.88,-13055.2,84.819,87.594,3891.54,4259.9,-82412.8,-8467.83,-52039.5,-886.809,-926.604,8151.44,-1320.79,172.413
2.26,-6.42572,0.343693,-1.51803,0.574017,-0.495887,-2.22572,54534,-1.22705,-5.95099,8.18259,0.360325,-0.0606231,-0.15094,0,8.21622,-0.151256,0.129384,0.454893,-390.582,2116.87,-1121.96,-2094.97,-2155.54,-7570.17,-8089.14,80120.6,13181.7,100569,27061.6,214.164,-15659.3,-113.508,-4250.52
2.27,-6.4363,0.356608,-1.53342,1.11868,-0.673327,-2.22341,54540,-1.22612,-5.95023,8.18345,0.360252,-0.060805,-0.150804,0,8.21608,-0.0252075,0.0480749,-1.29416,-41.5703,27105.6,-843.329,-617.7,-631.2,-941.947,-978.524,-966.54,2054.53,12362.7,8011.25,2742.27,-1920.47,-85.3196,-1248.9
2.28,-6.43665,0.359401,-1.44479,2.20776,-0.390261,-2.2208,54535,-1.22689,-5.95087,8.18489,0.360313,-0.0606534,-0.150917,0,8.21594,-0.0813918,0.168297,50.8171,1.68976,10588.1,7832.37,11.6778,11.9126,35.5747,36.7715,-260.012,-454.122,-465.152,-146.699,1071.2,72.3463,792.401,23.5904
